nomcourt,id
C3,3
13,13
31,31
32,32
34,34
50,50
61,61
62,62
64,64
68,68
151ex,151
154ex,154
156ex,156
Ker-Lannex,158
161ex,161
167ex,167
205,205
9,9
220,220
225,225
235,235
36,36
237,237
238,238
Ts2,402
41ex,41
Ts7,407
Ts11,411
51,51
Ts37,437
55,55
Ts41,441
56,56
Ts57,457
70,70
Ts91,491
90,90
E9,811
N1,121
E5,818
N2,122
152ex,152
155ex,155
165ex,165
201,201
204,204
211,211
217,217
227,227
229,229
230,230
239,239
241,241
Ts33,433
Ts51,451
Ts52,452
Ts55,455
Ts66,466
TTZ,804
E1,810
E8,812
C6,6
38,38
44,44
C2,2
52,52
14,14
54,54
35,35
57,57
37,37
59,59
72,72
65,65
79,79
71,71
74,74
91,91
77,77
94,94
78,78
81,81
82,82
153ex,153
157ex,157
150ex,150
159ex,159
164ex,164
202,202
172ex,172
207,207
200,200
208,208
206,206
213,213
214,214
215,215
218,218
221,221
222,222
231,231
228,228
236,236
242,242
Ts3,403
243,243
Ts8,408
244,244
Ts9,409
Ts1,401
Ts10,410
Ts5,405
Ts12,412
Ts6,406
Ts20,420
Ts32,432
Ts35,435
Ts53,453
Ts45,445
Ts61,461
Ts54,454
Ts67,467
Ts82,482
RPI-1,470
E4,806
API,803
E2,807
E7,813
E6,814
C1,1
C4,4
C5,5
11,11
12,12
40,40
53,53
63,63
67,67
73,73
75,75
76,76
80,80
168ex,168
173ex,173
203,203
212,212
216,216
223,223
224,224
226,226
233,233
240,240
Ts4,404
Ts13,413
Ts36,436
Ts43,443
Ts44,444
Ts46,446
Ts71,471
Ts75,475
Relais a,801
E3,815
